link;country;load_speed;percent_success_connect;chang_ip_surf_percent;chang_ip_2ip_percent;duration_test
https://2ip.ru/;Albania;7325.67;1.00;1.00;1.00;15.00
https://2ip.ru/;Algeria;12499.00;1.00;0.67;0.67;16.00
https://2ip.ru/;Argentina;16947.00;1.00;1.00;1.00;19.00
https://2ip.ru/;Armenia;4743.33;1.00;0.67;0.67;15.00
https://2ip.ru/;Australia Adelaide;16824.67;1.00;1.00;1.00;18.00
https://2ip.ru/;Australia Brisbane;17714.00;1.00;0.33;0.33;17.00
https://2ip.ru/;Australia Melbourne;16147.33;1.00;1.00;1.00;18.00
https://2ip.ru/;Australia Perth;17376.67;1.00;1.00;1.00;17.00
https://2ip.ru/;Australia Sydney;16587.00;1.00;1.00;1.00;18.00
https://2ip.ru/;Austria;6568.00;1.00;1.00;1.00;14.00
https://2ip.ru/;Bahamas;13779.00;1.00;0.33;0.33;19.00
https://2ip.ru/;Belgium Antwerp;6683.00;1.00;1.00;1.00;13.00
https://2ip.ru/;Belgium Brussels;6537.67;1.00;1.00;1.00;16.00
https://2ip.ru/;Belize;15265.33;1.00;0.33;0.33;17.00
https://2ip.ru/;Bhutan;16211.67;1.00;0.33;0.33;17.00
https://2ip.ru/;Bolivia;15892.00;1.00;0.67;0.33;16.00
https://2ip.ru/;Bosnia and Herzegovina;6195.00;0.00;1.00;0.33;18.00
https://2ip.ru/;Brazil;14863.00;1.00;1.00;1.00;17.00
https://2ip.ru/;Brunei;9313.67;0.00;0.67;0.33;17.00
https://2ip.ru/;Bulgaria;7279.67;1.00;1.00;1.00;14.00
https://2ip.ru/;Cambodia;16359.33;1.00;0.33;0.33;17.00
https://2ip.ru/;Canada Montreal;9197.33;1.00;1.00;1.00;14.00
https://2ip.ru/;Canada Toronto;9599.00;1.00;1.00;1.00;18.00
https://2ip.ru/;Canada Vancouver;11136.00;1.00;0.33;0.33;15.00
https://2ip.ru/;Chile;13646.67;1.00;0.33;0.33;18.00
https://2ip.ru/;Colombia;14626.00;1.00;1.00;1.00;17.00
https://2ip.ru/;Costa Rica;15455.33;1.00;0.67;0.33;17.00
https://2ip.ru/;Croatia;7097.33;1.00;1.00;1.00;16.00
https://2ip.ru/;Cyprus;9939.33;1.00;1.00;1.00;16.00
https://2ip.ru/;Czech Republic;6128.00;1.00;1.00;1.00;16.00
https://2ip.ru/;Denmark;6892.00;1.00;1.00;1.00;15.00
https://2ip.ru/;Ecuador;14933.00;1.00;0.67;0.33;18.00
https://2ip.ru/;Egypt;6676.33;0.00;0.67;0.33;17.00
https://2ip.ru/;Estonia;5111.00;1.00;1.00;1.00;14.00
https://2ip.ru/;Finland;6483.33;1.00;1.00;1.00;16.00
https://2ip.ru/;France Bordeaux;7026.00;1.00;1.00;1.00;14.00
https://2ip.ru/;France Marseille;7003.67;1.00;1.00;1.00;15.00
https://2ip.ru/;France Paris;6142.33;1.00;1.00;1.00;16.00
https://2ip.ru/;Georgia;6451.33;1.00;0.67;0.33;15.00
https://2ip.ru/;Germany Berlin;5195.67;1.00;1.00;1.00;13.00
https://2ip.ru/;Germany Frankfurt am Main;6109.00;1.00;1.00;1.00;14.00
https://2ip.ru/;Ghana;9780.67;1.00;1.00;0.33;16.00
https://2ip.ru/;Greece;9399.33;1.00;1.00;1.00;16.00
https://2ip.ru/;Greenland;6115.00;1.00;0.33;0.33;13.00
https://2ip.ru/;Hong Kong;24012.33;1.00;1.00;1.00;40.00
https://2ip.ru/;Hungary;8081.67;1.00;0.67;1.00;15.00
https://2ip.ru/;Iceland;7885.00;1.00;1.00;1.00;15.00
https://2ip.ru/;India;9781.00;1.00;1.00;1.00;14.00
https://2ip.ru/;Indonesia;9807.67;1.00;0.67;0.67;16.00
https://2ip.ru/;Ireland;6601.67;1.00;1.00;1.00;16.00
https://2ip.ru/;Isle of Man;6240.00;1.00;0.67;0.33;14.00
https://2ip.ru/;Israel;8720.33;1.00;0.67;0.67;15.00
https://2ip.ru/;Italy Milan;6439.67;1.00;1.00;1.00;15.00
https://2ip.ru/;Italy Rome;6624.33;1.00;1.00;1.00;14.00
https://2ip.ru/;Japan;16166.67;1.00;1.00;1.00;19.00
https://2ip.ru/;Kazakhstan;11233.67;1.00;0.67;1.00;16.00
https://2ip.ru/;Laos;11059.67;0.00;0.33;0.33;18.00
https://2ip.ru/;Latvia;7437.00;1.00;1.00;1.00;16.00
https://2ip.ru/;Liechtenstein;5603.33;1.00;0.33;0.33;15.00
https://2ip.ru/;Lithuania;7446.33;1.00;1.00;1.00;16.00
https://2ip.ru/;Luxembourg;11816.00;1.00;1.00;1.00;16.00
https://2ip.ru/;Malaysia;13827.33;1.00;1.00;1.00;15.00
https://2ip.ru/;Malta;16555.00;1.00;0.67;0.33;17.00
https://2ip.ru/;Marocco;5901.33;1.00;0.67;0.33;13.00
https://2ip.ru/;Mexico;17963.33;1.00;0.67;0.67;17.00
https://2ip.ru/;Moldova;8246.67;1.00;0.67;0.33;14.00
https://2ip.ru/;Monaco;6338.00;1.00;0.67;0.67;16.00
https://2ip.ru/;Mongolia;7605.67;0.67;0.67;0.33;17.00
https://2ip.ru/;Montenegro;7218.33;1.00;0.67;0.33;14.00
https://2ip.ru/;Myanmar;3098.67;0.00;0.33;0.33;18.00
https://2ip.ru/;Netherlands;5551.67;1.00;1.00;1.00;14.00
https://2ip.ru/;New Zealand;16504.00;1.00;1.00;1.00;19.00
https://2ip.ru/;Nigeria;5699.67;1.00;0.33;0.33;15.00
https://2ip.ru/;North Macedonia;7674.33;1.00;0.67;0.67;17.00
https://2ip.ru/;Norway;7647.33;1.00;1.00;1.00;15.00
https://2ip.ru/;Pakistan;17241.33;1.00;0.33;0.33;17.00
https://2ip.ru/;Panama;16596.67;1.00;0.67;0.33;16.00
https://2ip.ru/;Paraguay;14822.00;1.00;0.67;0.33;16.00
https://2ip.ru/;Peru;22939.00;1.00;0.67;0.67;16.00
https://2ip.ru/;Philippines;17077.67;1.00;1.00;1.00;18.00
https://2ip.ru/;Poland Gdansk;5878.33;1.00;1.00;1.00;15.00
https://2ip.ru/;Poland Warsaw;6490.00;1.00;1.00;1.00;14.00
https://2ip.ru/;Portugal Lisbon;11149.33;1.00;1.00;1.00;18.00
https://2ip.ru/;Portugal Porto;8481.33;1.00;1.00;1.00;17.00
https://2ip.ru/;Puerto Rico;16052.00;1.00;0.67;0.33;16.00
https://2ip.ru/;Romania;7710.67;1.00;1.00;1.00;17.00
https://2ip.ru/;Saudi Arabia;5610.33;1.00;0.67;0.33;14.00
https://2ip.ru/;Serbia;7714.67;1.00;1.00;1.00;14.00
https://2ip.ru/;Singapore;8381.33;1.00;1.00;1.00;16.00
https://2ip.ru/;Slovakia;7126.67;1.00;1.00;0.67;13.00
https://2ip.ru/;Slovenia;8359.67;1.00;1.00;1.00;14.00
https://2ip.ru/;South Africa;26254.33;1.00;0.67;0.33;17.00
https://2ip.ru/;South Korea;23380.67;1.00;0.33;1.00;18.00
https://2ip.ru/;Spain Barcelona;7916.00;1.00;1.00;0.33;14.00
https://2ip.ru/;Spain Madrid;7378.67;1.00;1.00;1.00;16.00
https://2ip.ru/;Spain Valencia;7865.33;1.00;1.00;1.00;17.00
https://2ip.ru/;Sri Lanka;15939.00;1.00;0.33;0.33;19.00
https://2ip.ru/;Sweden;6680.33;1.00;1.00;1.00;14.00
https://2ip.ru/;Switzerland;6758.67;1.00;1.00;1.00;16.00
https://2ip.ru/;Taiwan;16259.67;1.00;1.00;1.00;18.00
https://2ip.ru/;Thailand;14006.67;1.00;1.00;1.00;17.00
https://2ip.ru/;Turkey;7845.00;1.00;1.00;1.00;16.00
https://2ip.ru/;Ukraine;7237.00;1.00;1.00;1.00;15.00
https://2ip.ru/;United Arab Emirates;11778.00;1.00;0.67;0.67;15.00
https://2ip.ru/;United Kingdom Edinburgh;6841.00;1.00;1.00;1.00;13.00
https://2ip.ru/;United Kingdom Glasgow;9238.33;1.00;1.00;1.00;14.00
https://2ip.ru/;United Kingdom London;7073.67;1.00;1.00;1.00;17.00
https://2ip.ru/;United Kingdom Manchester;6550.67;1.00;1.00;1.00;17.00
https://2ip.ru/;United States Ashburn;10085.67;1.00;1.00;1.00;17.00
https://2ip.ru/;United States Atlanta;10158.67;1.00;1.00;1.00;15.00
https://2ip.ru/;United States Bend;13337.33;1.00;1.00;1.00;15.00
https://2ip.ru/;United States Boston;13917.33;1.00;1.00;1.00;14.00
https://2ip.ru/;United States Buffalo;11681.33;1.00;1.00;1.00;15.00
https://2ip.ru/;United States Charlotte;10937.00;1.00;1.00;1.00;17.00
https://2ip.ru/;United States Chicago;10047.00;1.00;1.00;1.00;15.00
https://2ip.ru/;United States Dallas;11211.33;1.00;0.67;1.00;14.00
https://2ip.ru/;United States Denver;11773.67;1.00;1.00;1.00;17.00
https://2ip.ru/;United States Detroit;10406.00;1.00;1.00;1.00;17.00
https://2ip.ru/;United States Houston;10992.67;1.00;1.00;1.00;15.00
https://2ip.ru/;United States Kansas City;12239.67;1.00;1.00;1.00;16.00
https://2ip.ru/;United States Las Vegas;11649.00;1.00;1.00;1.00;16.00
https://2ip.ru/;United States Latham;9261.33;1.00;1.00;1.00;15.00
https://2ip.ru/;United States Los Angeles;12061.33;1.00;1.00;1.00;16.00
https://2ip.ru/;United States Miami;9939.67;1.00;1.00;1.00;15.00
https://2ip.ru/;United States New York;10795.67;1.00;1.00;1.00;18.00
https://2ip.ru/;United States Orlando;9807.33;1.00;1.00;1.00;17.00
https://2ip.ru/;United States Phoenix;11203.33;1.00;1.00;1.00;18.00
https://2ip.ru/;United States Salt Lake City;12118.67;1.00;1.00;1.00;18.00
https://2ip.ru/;United States San Francisco;12920.33;1.00;1.00;1.00;15.00
https://2ip.ru/;United States San Jose;12749.67;1.00;1.00;1.00;18.00
https://2ip.ru/;United States Seattle;12078.00;1.00;1.00;1.00;16.00
https://2ip.ru/;United States St. Louis;11873.33;1.00;1.00;1.00;17.00
https://2ip.ru/;United States Tampa;13179.00;1.00;1.00;1.00;17.00
https://2ip.ru/;Uruguay;14135.33;1.00;0.67;0.33;17.00
https://2ip.ru/;Uzbekistan;6124.00;1.00;0.67;0.33;16.00
https://2ip.ru/;Venezuela;13341.00;1.00;0.67;0.33;16.00
https://2ip.ru/;Vietnam;17937.67;1.00;0.67;0.67;16.00
https://auto.ru/;Albania;6660.33;1.00;1.00;1.00;15.00
https://auto.ru/;Algeria;6692.33;1.00;0.67;0.67;16.00
https://auto.ru/;Argentina;21751.33;1.00;1.00;1.00;19.00
https://auto.ru/;Armenia;6548.00;1.00;0.67;0.67;15.00
https://auto.ru/;Australia Adelaide;12806.33;1.00;1.00;1.00;18.00
https://auto.ru/;Australia Brisbane;12400.33;1.00;0.33;0.33;17.00
https://auto.ru/;Australia Melbourne;22243.33;1.00;1.00;1.00;18.00
https://auto.ru/;Australia Perth;9563.00;1.00;1.00;1.00;17.00
https://auto.ru/;Australia Sydney;17100.00;1.00;1.00;1.00;18.00
https://auto.ru/;Austria;6786.00;1.00;1.00;1.00;14.00
https://auto.ru/;Bahamas;9494.00;1.00;0.33;0.33;19.00
https://auto.ru/;Belgium Antwerp;3206.33;1.00;1.00;1.00;13.00
https://auto.ru/;Belgium Brussels;6397.33;1.00;1.00;1.00;16.00
https://auto.ru/;Belize;8893.00;1.00;0.33;0.33;17.00
https://auto.ru/;Bhutan;9707.67;1.00;0.33;0.33;17.00
https://auto.ru/;Bolivia;10507.00;1.00;0.67;0.33;16.00
https://auto.ru/;Bosnia and Herzegovina;4095.67;0.00;1.00;0.33;18.00
https://auto.ru/;Brazil;8927.00;1.00;1.00;1.00;17.00
https://auto.ru/;Brunei;1819.00;0.00;0.67;0.33;17.00
https://auto.ru/;Bulgaria;4810.33;1.00;1.00;1.00;14.00
https://auto.ru/;Cambodia;15544.67;1.00;0.33;0.33;17.00
https://auto.ru/;Canada Montreal;7843.67;1.00;1.00;1.00;14.00
https://auto.ru/;Canada Toronto;10616.67;1.00;1.00;1.00;18.00
https://auto.ru/;Canada Vancouver;8454.33;1.00;0.33;0.33;15.00
https://auto.ru/;Chile;8891.00;1.00;0.33;0.33;18.00
https://auto.ru/;Colombia;10001.67;1.00;1.00;1.00;17.00
https://auto.ru/;Costa Rica;10137.33;1.00;0.67;0.33;17.00
https://auto.ru/;Croatia;6533.33;1.00;1.00;1.00;16.00
https://auto.ru/;Cyprus;4234.67;1.00;1.00;1.00;16.00
https://auto.ru/;Czech Republic;4492.33;1.00;1.00;1.00;16.00
https://auto.ru/;Denmark;6222.33;1.00;1.00;1.00;15.00
https://auto.ru/;Ecuador;8398.67;1.00;0.67;0.33;18.00
https://auto.ru/;Egypt;17055.00;1.00;0.67;0.33;17.00
https://auto.ru/;Estonia;4752.67;1.00;1.00;1.00;14.00
https://auto.ru/;Finland;5939.33;1.00;1.00;1.00;16.00
https://auto.ru/;France Bordeaux;4909.00;1.00;1.00;1.00;14.00
https://auto.ru/;France Marseille;5554.00;1.00;1.00;1.00;15.00
https://auto.ru/;France Paris;4974.00;1.00;1.00;1.00;16.00
https://auto.ru/;Georgia;6789.67;1.00;0.67;0.33;15.00
https://auto.ru/;Germany Berlin;5493.67;1.00;1.00;1.00;13.00
https://auto.ru/;Germany Frankfurt am Main;6437.67;1.00;1.00;1.00;14.00
https://auto.ru/;Ghana;4032.00;1.00;1.00;0.33;16.00
https://auto.ru/;Greece;3402.33;1.00;1.00;1.00;16.00
https://auto.ru/;Greenland;3595.00;1.00;0.33;0.33;13.00
https://auto.ru/;Hong Kong;16486.00;1.00;1.00;1.00;40.00
https://auto.ru/;Hungary;8109.00;1.00;0.67;1.00;15.00
https://auto.ru/;Iceland;7774.67;1.00;1.00;1.00;15.00
https://auto.ru/;India;12239.00;1.00;1.00;1.00;14.00
https://auto.ru/;Indonesia;13398.67;1.00;0.67;0.67;16.00
https://auto.ru/;Ireland;4657.33;1.00;1.00;1.00;16.00
https://auto.ru/;Isle of Man;5269.00;1.00;0.67;0.33;14.00
https://auto.ru/;Israel;4912.00;1.00;0.67;0.67;15.00
https://auto.ru/;Italy Milan;6138.67;1.00;1.00;1.00;15.00
https://auto.ru/;Italy Rome;6972.00;1.00;1.00;1.00;14.00
https://auto.ru/;Japan;15320.33;1.00;1.00;1.00;19.00
https://auto.ru/;Kazakhstan;9722.67;1.00;0.67;1.00;16.00
https://auto.ru/;Laos;8144.00;0.00;0.33;0.33;18.00
https://auto.ru/;Latvia;6151.67;1.00;1.00;1.00;16.00
https://auto.ru/;Liechtenstein;6200.33;1.00;0.33;0.33;15.00
https://auto.ru/;Lithuania;8957.67;1.00;1.00;1.00;16.00
https://auto.ru/;Luxembourg;6794.00;1.00;1.00;1.00;16.00
https://auto.ru/;Malaysia;10700.00;1.00;1.00;1.00;15.00
https://auto.ru/;Malta;12241.67;1.00;0.67;0.33;17.00
https://auto.ru/;Marocco;3890.67;1.00;0.67;0.33;13.00
https://auto.ru/;Mexico;9588.67;1.00;0.67;0.67;17.00
https://auto.ru/;Moldova;8522.00;1.00;0.67;0.33;14.00
https://auto.ru/;Monaco;4402.00;0.67;0.67;0.67;16.00
https://auto.ru/;Mongolia;1752.67;0.33;0.67;0.33;17.00
https://auto.ru/;Montenegro;4871.33;1.00;0.67;0.33;14.00
https://auto.ru/;Myanmar;8070.00;0.00;0.33;0.33;18.00
https://auto.ru/;Netherlands;5684.67;1.00;1.00;1.00;14.00
https://auto.ru/;New Zealand;13223.33;1.00;1.00;1.00;19.00
https://auto.ru/;Nigeria;3546.33;1.00;0.33;0.33;15.00
https://auto.ru/;North Macedonia;7622.00;1.00;0.67;0.67;17.00
https://auto.ru/;Norway;4419.00;1.00;1.00;1.00;15.00
https://auto.ru/;Pakistan;12046.67;1.00;0.33;0.33;17.00
https://auto.ru/;Panama;9291.00;1.00;0.67;0.33;16.00
https://auto.ru/;Paraguay;8700.00;1.00;0.67;0.33;16.00
https://auto.ru/;Peru;10387.33;1.00;0.67;0.67;16.00
https://auto.ru/;Philippines;10965.33;1.00;1.00;1.00;18.00
https://auto.ru/;Poland Gdansk;4590.33;1.00;1.00;1.00;15.00
https://auto.ru/;Poland Warsaw;4461.00;1.00;1.00;1.00;14.00
https://auto.ru/;Portugal Lisbon;14051.67;1.00;1.00;1.00;18.00
https://auto.ru/;Portugal Porto;6877.33;1.00;1.00;1.00;17.00
https://auto.ru/;Puerto Rico;8719.33;1.00;0.67;0.33;16.00
https://auto.ru/;Romania;7577.00;1.00;1.00;1.00;17.00
https://auto.ru/;Saudi Arabia;4754.00;1.00;0.67;0.33;14.00
https://auto.ru/;Serbia;7930.33;1.00;1.00;1.00;14.00
https://auto.ru/;Singapore;15147.67;1.00;1.00;1.00;16.00
https://auto.ru/;Slovakia;4115.67;1.00;1.00;0.67;13.00
https://auto.ru/;Slovenia;5708.67;1.00;1.00;1.00;14.00
https://auto.ru/;South Africa;12883.33;1.00;0.67;0.33;17.00
https://auto.ru/;South Korea;17376.33;1.00;0.33;1.00;18.00
https://auto.ru/;Spain Barcelona;6233.33;1.00;1.00;0.33;14.00
https://auto.ru/;Spain Madrid;6244.33;1.00;1.00;1.00;16.00
https://auto.ru/;Spain Valencia;7564.00;1.00;1.00;1.00;17.00
https://auto.ru/;Sri Lanka;10352.00;1.00;0.33;0.33;19.00
https://auto.ru/;Sweden;4631.00;1.00;1.00;1.00;14.00
https://auto.ru/;Switzerland;6018.67;1.00;1.00;1.00;16.00
https://auto.ru/;Taiwan;21472.00;1.00;1.00;1.00;18.00
https://auto.ru/;Thailand;19722.00;1.00;1.00;1.00;17.00
https://auto.ru/;Turkey;4848.67;1.00;1.00;1.00;16.00
https://auto.ru/;Ukraine;6537.00;1.00;1.00;1.00;15.00
https://auto.ru/;United Arab Emirates;7558.67;1.00;0.67;0.67;15.00
https://auto.ru/;United Kingdom Edinburgh;3851.33;1.00;1.00;1.00;13.00
https://auto.ru/;United Kingdom Glasgow;4812.00;1.00;1.00;1.00;14.00
https://auto.ru/;United Kingdom London;4344.67;1.00;1.00;1.00;17.00
https://auto.ru/;United Kingdom Manchester;4871.67;1.00;1.00;1.00;17.00
https://auto.ru/;United States Ashburn;7097.33;1.00;1.00;1.00;17.00
https://auto.ru/;United States Atlanta;6907.00;1.00;1.00;1.00;15.00
https://auto.ru/;United States Bend;9654.33;1.00;1.00;1.00;15.00
https://auto.ru/;United States Boston;10522.33;1.00;1.00;1.00;14.00
https://auto.ru/;United States Buffalo;8219.33;1.00;1.00;1.00;15.00
https://auto.ru/;United States Charlotte;6236.67;1.00;1.00;1.00;17.00
https://auto.ru/;United States Chicago;11479.67;1.00;1.00;1.00;15.00
https://auto.ru/;United States Dallas;7426.00;1.00;0.67;1.00;14.00
https://auto.ru/;United States Denver;7954.00;1.00;1.00;1.00;17.00
https://auto.ru/;United States Detroit;9846.00;1.00;1.00;1.00;17.00
https://auto.ru/;United States Houston;8849.67;1.00;1.00;1.00;15.00
https://auto.ru/;United States Kansas City;7263.00;1.00;1.00;1.00;16.00
https://auto.ru/;United States Las Vegas;13252.33;1.00;1.00;1.00;16.00
https://auto.ru/;United States Latham;9697.00;1.00;1.00;1.00;15.00
https://auto.ru/;United States Los Angeles;13323.33;1.00;1.00;1.00;16.00
https://auto.ru/;United States Miami;9398.67;1.00;1.00;1.00;15.00
https://auto.ru/;United States New York;9580.33;1.00;1.00;1.00;18.00
https://auto.ru/;United States Orlando;9029.67;1.00;1.00;1.00;17.00
https://auto.ru/;United States Phoenix;10227.67;1.00;1.00;1.00;18.00
https://auto.ru/;United States Salt Lake City;7205.33;1.00;1.00;1.00;18.00
https://auto.ru/;United States San Francisco;13706.33;1.00;1.00;1.00;15.00
https://auto.ru/;United States San Jose;12904.33;1.00;1.00;1.00;18.00
https://auto.ru/;United States Seattle;13845.67;1.00;1.00;1.00;16.00
https://auto.ru/;United States St. Louis;10184.67;1.00;1.00;1.00;17.00
https://auto.ru/;United States Tampa;7153.00;1.00;1.00;1.00;17.00
https://auto.ru/;Uruguay;9901.33;1.00;0.67;0.33;17.00
https://auto.ru/;Uzbekistan;6277.33;1.00;0.67;0.33;16.00
https://auto.ru/;Venezuela;8988.33;1.00;0.67;0.33;16.00
https://auto.ru/;Vietnam;18114.00;1.00;0.67;0.67;16.00
https://www.avito.ru/;Albania;9999.00;1.00;1.00;1.00;15.00
https://www.avito.ru/;Algeria;15033.00;1.00;0.67;0.67;16.00
https://www.avito.ru/;Argentina;25806.33;1.00;1.00;1.00;19.00
https://www.avito.ru/;Armenia;7446.33;1.00;0.67;0.67;15.00
https://www.avito.ru/;Australia Adelaide;29613.00;1.00;1.00;1.00;18.00
https://www.avito.ru/;Australia Brisbane;29168.33;1.00;0.33;0.33;17.00
https://www.avito.ru/;Australia Melbourne;26281.67;1.00;1.00;1.00;18.00
https://www.avito.ru/;Australia Perth;26512.67;1.00;1.00;1.00;17.00
https://www.avito.ru/;Australia Sydney;28548.67;1.00;1.00;1.00;18.00
https://www.avito.ru/;Austria;8463.00;1.00;1.00;1.00;14.00
https://www.avito.ru/;Bahamas;22199.67;1.00;0.33;0.33;19.00
https://www.avito.ru/;Belgium Antwerp;7256.33;1.00;1.00;1.00;13.00
https://www.avito.ru/;Belgium Brussels;11046.00;1.00;1.00;1.00;16.00
https://www.avito.ru/;Belize;23966.67;1.00;0.33;0.33;17.00
https://www.avito.ru/;Bhutan;29067.67;1.00;0.33;0.33;17.00
https://www.avito.ru/;Bolivia;26272.00;1.00;0.67;0.33;16.00
https://www.avito.ru/;Bosnia and Herzegovina;6257.00;0.00;1.00;0.33;18.00
https://www.avito.ru/;Brazil;23137.67;1.00;1.00;1.00;17.00
https://www.avito.ru/;Brunei;1077.00;0.00;0.67;0.33;17.00
https://www.avito.ru/;Bulgaria;8290.00;1.00;1.00;1.00;14.00
https://www.avito.ru/;Cambodia;25752.00;1.00;0.33;0.33;17.00
https://www.avito.ru/;Canada Montreal;11353.00;1.00;1.00;1.00;14.00
https://www.avito.ru/;Canada Toronto;14622.67;1.00;1.00;1.00;18.00
https://www.avito.ru/;Canada Vancouver;27306.00;1.00;0.33;0.33;15.00
https://www.avito.ru/;Chile;25443.33;1.00;0.33;0.33;18.00
https://www.avito.ru/;Colombia;24111.67;1.00;1.00;1.00;17.00
https://www.avito.ru/;Costa Rica;25455.00;1.00;0.67;0.33;17.00
https://www.avito.ru/;Croatia;11389.33;1.00;1.00;1.00;16.00
https://www.avito.ru/;Cyprus;10893.33;1.00;1.00;1.00;16.00
https://www.avito.ru/;Czech Republic;6972.67;1.00;1.00;1.00;16.00
https://www.avito.ru/;Denmark;9117.00;1.00;1.00;1.00;15.00
https://www.avito.ru/;Ecuador;21297.67;1.00;0.67;0.33;18.00
https://www.avito.ru/;Egypt;6756.00;0.00;0.67;0.33;17.00
https://www.avito.ru/;Estonia;9204.33;1.00;1.00;1.00;14.00
https://www.avito.ru/;Finland;11041.00;1.00;1.00;1.00;16.00
https://www.avito.ru/;France Bordeaux;8760.33;1.00;1.00;1.00;14.00
https://www.avito.ru/;France Marseille;8739.00;1.00;1.00;1.00;15.00
https://www.avito.ru/;France Paris;8229.67;1.00;1.00;1.00;16.00
https://www.avito.ru/;Georgia;14971.67;1.00;0.67;0.33;15.00
https://www.avito.ru/;Germany Berlin;6583.67;1.00;1.00;1.00;13.00
https://www.avito.ru/;Germany Frankfurt am Main;7778.67;1.00;1.00;1.00;14.00
https://www.avito.ru/;Ghana;8489.33;1.00;1.00;0.33;16.00
https://www.avito.ru/;Greece;9470.33;1.00;1.00;1.00;16.00
https://www.avito.ru/;Greenland;7027.33;1.00;0.33;0.33;13.00
https://www.avito.ru/;Hong Kong;28716.67;1.00;1.00;1.00;40.00
https://www.avito.ru/;Hungary;12452.33;1.00;0.67;1.00;15.00
https://www.avito.ru/;Iceland;32139.33;0.67;1.00;1.00;15.00
https://www.avito.ru/;India;17068.33;1.00;1.00;1.00;14.00
https://www.avito.ru/;Indonesia;30480.00;1.00;0.67;0.67;16.00
https://www.avito.ru/;Ireland;9819.33;1.00;1.00;1.00;16.00
https://www.avito.ru/;Isle of Man;7998.00;1.00;0.67;0.33;14.00
https://www.avito.ru/;Israel;9906.00;1.00;0.67;0.67;15.00
https://www.avito.ru/;Italy Milan;6873.67;1.00;1.00;1.00;15.00
https://www.avito.ru/;Italy Rome;8605.00;1.00;1.00;1.00;14.00
https://www.avito.ru/;Japan;29240.00;1.00;1.00;1.00;19.00
https://www.avito.ru/;Kazakhstan;19704.00;1.00;0.67;1.00;16.00
https://www.avito.ru/;Laos;4114.00;0.00;0.33;0.33;18.00
https://www.avito.ru/;Latvia;7988.67;1.00;1.00;1.00;16.00
https://www.avito.ru/;Liechtenstein;7646.00;1.00;0.33;0.33;15.00
https://www.avito.ru/;Lithuania;17472.67;1.00;1.00;1.00;16.00
https://www.avito.ru/;Luxembourg;22611.33;1.00;1.00;1.00;16.00
https://www.avito.ru/;Malaysia;20728.67;1.00;1.00;1.00;15.00
https://www.avito.ru/;Malta;22195.00;1.00;0.67;0.33;17.00
https://www.avito.ru/;Marocco;7294.00;1.00;0.67;0.33;13.00
https://www.avito.ru/;Mexico;26250.67;1.00;0.67;0.67;17.00
https://www.avito.ru/;Moldova;13131.00;1.00;0.67;0.33;14.00
https://www.avito.ru/;Monaco;39111.67;0.33;0.67;0.67;16.00
https://www.avito.ru/;Mongolia;1757.33;0.67;0.67;0.33;17.00
https://www.avito.ru/;Montenegro;8101.67;1.00;0.67;0.33;14.00
https://www.avito.ru/;Myanmar;4033.00;0.00;0.33;0.33;18.00
https://www.avito.ru/;Netherlands;7974.67;1.00;1.00;1.00;14.00
https://www.avito.ru/;New Zealand;28313.33;1.00;1.00;1.00;19.00
https://www.avito.ru/;Nigeria;7174.67;1.00;0.33;0.33;15.00
https://www.avito.ru/;North Macedonia;8728.67;1.00;0.67;0.67;17.00
https://www.avito.ru/;Norway;9466.33;1.00;1.00;1.00;15.00
https://www.avito.ru/;Pakistan;26585.33;1.00;0.33;0.33;17.00
https://www.avito.ru/;Panama;23157.67;1.00;0.67;0.33;16.00
https://www.avito.ru/;Paraguay;25496.67;1.00;0.67;0.33;16.00
https://www.avito.ru/;Peru;30883.33;1.00;0.67;0.67;16.00
https://www.avito.ru/;Philippines;26210.33;1.00;1.00;1.00;18.00
https://www.avito.ru/;Poland Gdansk;9979.67;1.00;1.00;1.00;15.00
https://www.avito.ru/;Poland Warsaw;7169.00;1.00;1.00;1.00;14.00
https://www.avito.ru/;Portugal Lisbon;25693.00;1.00;1.00;1.00;18.00
https://www.avito.ru/;Portugal Porto;13996.67;1.00;1.00;1.00;17.00
https://www.avito.ru/;Puerto Rico;23375.67;1.00;0.67;0.33;16.00
https://www.avito.ru/;Romania;9236.33;1.00;1.00;1.00;17.00
https://www.avito.ru/;Saudi Arabia;7381.67;1.00;0.67;0.33;14.00
https://www.avito.ru/;Serbia;11115.33;1.00;1.00;1.00;14.00
https://www.avito.ru/;Singapore;20356.00;1.00;1.00;1.00;16.00
https://www.avito.ru/;Slovakia;7526.33;1.00;1.00;0.67;13.00
https://www.avito.ru/;Slovenia;7958.00;1.00;1.00;1.00;14.00
https://www.avito.ru/;South Africa;34728.67;1.00;0.67;0.33;17.00
https://www.avito.ru/;South Korea;24066.00;1.00;0.33;1.00;18.00
https://www.avito.ru/;Spain Barcelona;10996.33;1.00;1.00;0.33;14.00
https://www.avito.ru/;Spain Madrid;9480.33;1.00;1.00;1.00;16.00
https://www.avito.ru/;Spain Valencia;10328.33;1.00;1.00;1.00;17.00
https://www.avito.ru/;Sri Lanka;24874.00;1.00;0.33;0.33;19.00
https://www.avito.ru/;Sweden;8329.00;1.00;1.00;1.00;14.00
https://www.avito.ru/;Switzerland;7830.33;1.00;1.00;1.00;16.00
https://www.avito.ru/;Taiwan;47548.67;0.67;1.00;1.00;18.00
https://www.avito.ru/;Thailand;25004.00;1.00;1.00;1.00;17.00
https://www.avito.ru/;Turkey;10976.67;1.00;1.00;1.00;16.00
https://www.avito.ru/;Ukraine;7722.00;1.00;1.00;1.00;15.00
https://www.avito.ru/;United Arab Emirates;16893.33;1.00;0.67;0.67;15.00
https://www.avito.ru/;United Kingdom Edinburgh;8055.00;1.00;1.00;1.00;13.00
https://www.avito.ru/;United Kingdom Glasgow;9666.67;1.00;1.00;1.00;14.00
https://www.avito.ru/;United Kingdom London;7836.00;1.00;1.00;1.00;17.00
https://www.avito.ru/;United Kingdom Manchester;7170.00;1.00;1.00;1.00;17.00
https://www.avito.ru/;United States Ashburn;17854.67;1.00;1.00;1.00;17.00
https://www.avito.ru/;United States Atlanta;12996.67;1.00;1.00;1.00;15.00
https://www.avito.ru/;United States Bend;19939.67;1.00;1.00;1.00;15.00
https://www.avito.ru/;United States Boston;11042.33;1.00;1.00;1.00;14.00
https://www.avito.ru/;United States Buffalo;15604.00;1.00;1.00;1.00;15.00
https://www.avito.ru/;United States Charlotte;12391.33;1.00;1.00;1.00;17.00
https://www.avito.ru/;United States Chicago;22292.00;1.00;1.00;1.00;15.00
https://www.avito.ru/;United States Dallas;13775.33;1.00;0.67;1.00;14.00
https://www.avito.ru/;United States Denver;23690.00;1.00;1.00;1.00;17.00
https://www.avito.ru/;United States Detroit;15475.00;1.00;1.00;1.00;17.00
https://www.avito.ru/;United States Houston;17979.33;1.00;1.00;1.00;15.00
https://www.avito.ru/;United States Kansas City;16268.67;1.00;1.00;1.00;16.00
https://www.avito.ru/;United States Las Vegas;23271.00;1.00;1.00;1.00;16.00
https://www.avito.ru/;United States Latham;11366.67;1.00;1.00;1.00;15.00
https://www.avito.ru/;United States Los Angeles;23060.33;1.00;1.00;1.00;16.00
https://www.avito.ru/;United States Miami;15143.67;1.00;1.00;1.00;15.00
https://www.avito.ru/;United States New York;18741.67;1.00;1.00;1.00;18.00
https://www.avito.ru/;United States Orlando;16442.33;1.00;1.00;1.00;17.00
https://www.avito.ru/;United States Phoenix;22097.00;1.00;1.00;1.00;18.00
https://www.avito.ru/;United States Salt Lake City;20662.33;1.00;1.00;1.00;18.00
https://www.avito.ru/;United States San Francisco;19290.33;1.00;1.00;1.00;15.00
https://www.avito.ru/;United States San Jose;19405.33;1.00;1.00;1.00;18.00
https://www.avito.ru/;United States Seattle;18530.67;1.00;1.00;1.00;16.00
https://www.avito.ru/;United States St. Louis;14708.33;1.00;1.00;1.00;17.00
https://www.avito.ru/;United States Tampa;21863.33;1.00;1.00;1.00;17.00
https://www.avito.ru/;Uruguay;23903.00;1.00;0.67;0.33;17.00
https://www.avito.ru/;Uzbekistan;7543.00;1.00;0.67;0.33;16.00
https://www.avito.ru/;Venezuela;23380.67;1.00;0.67;0.33;16.00
https://www.avito.ru/;Vietnam;24352.67;1.00;0.67;0.67;16.00
https://www.drom.ru/;Albania;5045.00;1.00;1.00;1.00;15.00
https://www.drom.ru/;Algeria;7917.00;1.00;0.67;0.67;16.00
https://www.drom.ru/;Argentina;10484.67;1.00;1.00;1.00;19.00
https://www.drom.ru/;Armenia;4662.33;1.00;0.67;0.67;15.00
https://www.drom.ru/;Australia Adelaide;12760.00;1.00;1.00;1.00;18.00
https://www.drom.ru/;Australia Brisbane;14445.67;1.00;0.33;0.33;17.00
https://www.drom.ru/;Australia Melbourne;13430.67;1.00;1.00;1.00;18.00
https://www.drom.ru/;Australia Perth;12321.00;1.00;1.00;1.00;17.00
https://www.drom.ru/;Australia Sydney;14349.67;1.00;1.00;1.00;18.00
https://www.drom.ru/;Austria;4551.00;1.00;1.00;1.00;14.00
https://www.drom.ru/;Bahamas;10786.33;1.00;0.33;0.33;19.00
https://www.drom.ru/;Belgium Antwerp;4370.00;1.00;1.00;1.00;13.00
https://www.drom.ru/;Belgium Brussels;4244.00;1.00;1.00;1.00;16.00
https://www.drom.ru/;Belize;10732.67;1.00;0.33;0.33;17.00
https://www.drom.ru/;Bhutan;12141.67;1.00;0.33;0.33;17.00
https://www.drom.ru/;Bolivia;10708.00;1.00;0.67;0.33;16.00
https://www.drom.ru/;Bosnia and Herzegovina;4562.33;0.00;1.00;0.33;18.00
https://www.drom.ru/;Brazil;12290.00;1.00;1.00;1.00;17.00
https://www.drom.ru/;Brunei;3661.33;0.00;0.67;0.33;17.00
https://www.drom.ru/;Bulgaria;5096.33;1.00;1.00;1.00;14.00
https://www.drom.ru/;Cambodia;11659.33;1.00;0.33;0.33;17.00
https://www.drom.ru/;Canada Montreal;6303.67;1.00;1.00;1.00;14.00
https://www.drom.ru/;Canada Toronto;7513.67;1.00;1.00;1.00;18.00
https://www.drom.ru/;Canada Vancouver;9349.00;1.00;0.33;0.33;15.00
https://www.drom.ru/;Chile;10443.67;1.00;0.33;0.33;18.00
https://www.drom.ru/;Colombia;10563.00;1.00;1.00;1.00;17.00
https://www.drom.ru/;Costa Rica;10206.33;1.00;0.67;0.33;17.00
https://www.drom.ru/;Croatia;5976.00;1.00;1.00;1.00;16.00
https://www.drom.ru/;Cyprus;6405.00;1.00;1.00;1.00;16.00
https://www.drom.ru/;Czech Republic;4684.33;1.00;1.00;1.00;16.00
https://www.drom.ru/;Denmark;4585.67;1.00;1.00;1.00;15.00
https://www.drom.ru/;Ecuador;11027.67;1.00;0.67;0.33;18.00
https://www.drom.ru/;Egypt;6750.33;0.00;0.67;0.33;17.00
https://www.drom.ru/;Estonia;4977.67;1.00;1.00;1.00;14.00
https://www.drom.ru/;Finland;5061.67;1.00;1.00;1.00;16.00
https://www.drom.ru/;France Bordeaux;4917.67;1.00;1.00;1.00;14.00
https://www.drom.ru/;France Marseille;5038.67;1.00;1.00;1.00;15.00
https://www.drom.ru/;France Paris;4474.33;1.00;1.00;1.00;16.00
https://www.drom.ru/;Georgia;7814.33;1.00;0.67;0.33;15.00
https://www.drom.ru/;Germany Berlin;4207.00;1.00;1.00;1.00;13.00
https://www.drom.ru/;Germany Frankfurt am Main;4427.00;1.00;1.00;1.00;14.00
https://www.drom.ru/;Ghana;4636.33;1.00;1.00;0.33;16.00
https://www.drom.ru/;Greece;5798.67;1.00;1.00;1.00;16.00
https://www.drom.ru/;Greenland;4462.33;1.00;0.33;0.33;13.00
https://www.drom.ru/;Hong Kong;12327.00;0.67;1.00;1.00;40.00
https://www.drom.ru/;Hungary;5768.33;1.00;0.67;1.00;15.00
https://www.drom.ru/;Iceland;5534.00;1.00;1.00;1.00;15.00
https://www.drom.ru/;India;7257.33;1.00;1.00;1.00;14.00
https://www.drom.ru/;Indonesia;14458.00;1.00;0.67;0.67;16.00
https://www.drom.ru/;Ireland;4881.00;1.00;1.00;1.00;16.00
https://www.drom.ru/;Isle of Man;4588.33;1.00;0.67;0.33;14.00
https://www.drom.ru/;Israel;6094.00;1.00;0.67;0.67;15.00
https://www.drom.ru/;Italy Milan;4752.33;1.00;1.00;1.00;15.00
https://www.drom.ru/;Italy Rome;4616.33;1.00;1.00;1.00;14.00
https://www.drom.ru/;Japan;11165.67;1.00;1.00;1.00;19.00
https://www.drom.ru/;Kazakhstan;6483.33;1.00;0.67;1.00;16.00
https://www.drom.ru/;Laos;8411.00;0.00;0.33;0.33;18.00
https://www.drom.ru/;Latvia;5081.33;1.00;1.00;1.00;16.00
https://www.drom.ru/;Liechtenstein;4472.00;1.00;0.33;0.33;15.00
https://www.drom.ru/;Lithuania;6237.00;1.00;1.00;1.00;16.00
https://www.drom.ru/;Luxembourg;8190.00;1.00;1.00;1.00;16.00
https://www.drom.ru/;Malaysia;10511.67;1.00;1.00;1.00;15.00
https://www.drom.ru/;Malta;9818.67;1.00;0.67;0.33;17.00
https://www.drom.ru/;Marocco;4420.33;1.00;0.67;0.33;13.00
https://www.drom.ru/;Mexico;10962.00;1.00;0.67;0.67;17.00
https://www.drom.ru/;Moldova;5307.33;1.00;0.67;0.33;14.00
https://www.drom.ru/;Monaco;8359.00;1.00;0.67;0.67;16.00
https://www.drom.ru/;Mongolia;3364.33;0.00;0.67;0.33;17.00
https://www.drom.ru/;Montenegro;4871.00;1.00;0.67;0.33;14.00
https://www.drom.ru/;Myanmar;4460.00;0.00;0.33;0.33;18.00
https://www.drom.ru/;Netherlands;4211.67;1.00;1.00;1.00;14.00
https://www.drom.ru/;New Zealand;14368.67;1.00;1.00;1.00;19.00
https://www.drom.ru/;Nigeria;4401.00;1.00;0.33;0.33;15.00
https://www.drom.ru/;North Macedonia;5403.00;1.00;0.67;0.67;17.00
https://www.drom.ru/;Norway;4878.67;1.00;1.00;1.00;15.00
https://www.drom.ru/;Pakistan;12040.00;1.00;0.33;0.33;17.00
https://www.drom.ru/;Panama;10823.33;1.00;0.67;0.33;16.00
https://www.drom.ru/;Paraguay;10338.33;1.00;0.67;0.33;16.00
https://www.drom.ru/;Peru;10434.33;1.00;0.67;0.67;16.00
https://www.drom.ru/;Philippines;13512.00;1.00;1.00;1.00;18.00
https://www.drom.ru/;Poland Gdansk;4950.67;1.00;1.00;1.00;15.00
https://www.drom.ru/;Poland Warsaw;4975.00;1.00;1.00;1.00;14.00
https://www.drom.ru/;Portugal Lisbon;7345.67;1.00;1.00;1.00;18.00
https://www.drom.ru/;Portugal Porto;6952.67;1.00;1.00;1.00;17.00
https://www.drom.ru/;Puerto Rico;10392.67;1.00;0.67;0.33;16.00
https://www.drom.ru/;Romania;8464.00;1.00;1.00;1.00;17.00
https://www.drom.ru/;Saudi Arabia;4546.00;1.00;0.67;0.33;14.00
https://www.drom.ru/;Serbia;5178.33;1.00;1.00;1.00;14.00
https://www.drom.ru/;Singapore;12158.67;1.00;1.00;1.00;16.00
https://www.drom.ru/;Slovakia;4606.00;1.00;1.00;0.67;13.00
https://www.drom.ru/;Slovenia;4701.33;1.00;1.00;1.00;14.00
https://www.drom.ru/;South Africa;14647.00;1.00;0.67;0.33;17.00
https://www.drom.ru/;South Korea;8684.33;0.67;0.33;1.00;18.00
https://www.drom.ru/;Spain Barcelona;5528.00;1.00;1.00;0.33;14.00
https://www.drom.ru/;Spain Madrid;5158.67;1.00;1.00;1.00;16.00
https://www.drom.ru/;Spain Valencia;5232.33;1.00;1.00;1.00;17.00
https://www.drom.ru/;Sri Lanka;11797.00;1.00;0.33;0.33;19.00
https://www.drom.ru/;Sweden;6573.00;1.00;1.00;1.00;14.00
https://www.drom.ru/;Switzerland;5014.67;1.00;1.00;1.00;16.00
https://www.drom.ru/;Taiwan;12519.00;1.00;1.00;1.00;18.00
https://www.drom.ru/;Thailand;10754.00;1.00;1.00;1.00;17.00
https://www.drom.ru/;Turkey;5088.33;1.00;1.00;1.00;16.00
https://www.drom.ru/;Ukraine;4816.33;1.00;1.00;1.00;15.00
https://www.drom.ru/;United Arab Emirates;8661.67;1.00;0.67;0.67;15.00
https://www.drom.ru/;United Kingdom Edinburgh;4799.33;1.00;1.00;1.00;13.00
https://www.drom.ru/;United Kingdom Glasgow;5685.67;1.00;1.00;1.00;14.00
https://www.drom.ru/;United Kingdom London;4483.67;1.00;1.00;1.00;17.00
https://www.drom.ru/;United Kingdom Manchester;4824.33;1.00;1.00;1.00;17.00
https://www.drom.ru/;United States Ashburn;7404.33;1.00;1.00;1.00;17.00
https://www.drom.ru/;United States Atlanta;10077.00;1.00;1.00;1.00;15.00
https://www.drom.ru/;United States Bend;9873.67;1.00;1.00;1.00;15.00
https://www.drom.ru/;United States Boston;7011.67;1.00;1.00;1.00;14.00
https://www.drom.ru/;United States Buffalo;7475.67;1.00;1.00;1.00;15.00
https://www.drom.ru/;United States Charlotte;7557.00;1.00;1.00;1.00;17.00
https://www.drom.ru/;United States Chicago;8780.33;1.00;1.00;1.00;15.00
https://www.drom.ru/;United States Dallas;8453.00;1.00;0.67;1.00;14.00
https://www.drom.ru/;United States Denver;9085.00;1.00;1.00;1.00;17.00
https://www.drom.ru/;United States Detroit;7969.33;1.00;1.00;1.00;17.00
https://www.drom.ru/;United States Houston;8451.67;1.00;1.00;1.00;15.00
https://www.drom.ru/;United States Kansas City;8018.67;1.00;1.00;1.00;16.00
https://www.drom.ru/;United States Las Vegas;6594.00;1.00;1.00;1.00;16.00
https://www.drom.ru/;United States Latham;6727.33;1.00;1.00;1.00;15.00
https://www.drom.ru/;United States Los Angeles;9477.00;1.00;1.00;1.00;16.00
https://www.drom.ru/;United States Miami;8524.00;1.00;1.00;1.00;15.00
https://www.drom.ru/;United States New York;9324.33;1.00;1.00;1.00;18.00
https://www.drom.ru/;United States Orlando;8512.00;1.00;1.00;1.00;17.00
https://www.drom.ru/;United States Phoenix;9112.67;1.00;1.00;1.00;18.00
https://www.drom.ru/;United States Salt Lake City;9498.67;1.00;1.00;1.00;18.00
https://www.drom.ru/;United States San Francisco;9539.00;1.00;1.00;1.00;15.00
https://www.drom.ru/;United States San Jose;9368.00;1.00;1.00;1.00;18.00
https://www.drom.ru/;United States Seattle;9440.33;1.00;1.00;1.00;16.00
https://www.drom.ru/;United States St. Louis;8285.67;1.00;1.00;1.00;17.00
https://www.drom.ru/;United States Tampa;9564.67;1.00;1.00;1.00;17.00
https://www.drom.ru/;Uruguay;10356.33;1.00;0.67;0.33;17.00
https://www.drom.ru/;Uzbekistan;4749.33;1.00;0.67;0.33;16.00
https://www.drom.ru/;Venezuela;11117.33;1.00;0.67;0.33;16.00
https://www.drom.ru/;Vietnam;13209.00;1.00;0.67;0.67;16.00
https://www.farpost.ru/;Albania;6059.33;1.00;1.00;1.00;15.00
https://www.farpost.ru/;Algeria;6412.33;1.00;0.67;0.67;16.00
https://www.farpost.ru/;Argentina;13232.00;1.00;1.00;1.00;19.00
https://www.farpost.ru/;Armenia;3969.67;1.00;0.67;0.67;15.00
https://www.farpost.ru/;Australia Adelaide;13320.67;1.00;1.00;1.00;18.00
https://www.farpost.ru/;Australia Brisbane;14210.67;1.00;0.33;0.33;17.00
https://www.farpost.ru/;Australia Melbourne;13406.33;1.00;1.00;1.00;18.00
https://www.farpost.ru/;Australia Perth;14563.33;1.00;1.00;1.00;17.00
https://www.farpost.ru/;Australia Sydney;13262.67;1.00;1.00;1.00;18.00
https://www.farpost.ru/;Austria;5322.33;1.00;1.00;1.00;14.00
https://www.farpost.ru/;Bahamas;12728.67;1.00;0.33;0.33;19.00
https://www.farpost.ru/;Belgium Antwerp;4185.67;1.00;1.00;1.00;13.00
https://www.farpost.ru/;Belgium Brussels;5327.00;1.00;1.00;1.00;16.00
https://www.farpost.ru/;Belize;12194.33;1.00;0.33;0.33;17.00
https://www.farpost.ru/;Bhutan;13892.00;1.00;0.33;0.33;17.00
https://www.farpost.ru/;Bolivia;13907.00;1.00;0.67;0.33;16.00
https://www.farpost.ru/;Bosnia and Herzegovina;5186.67;0.00;1.00;0.33;18.00
https://www.farpost.ru/;Brazil;11676.00;1.00;1.00;1.00;17.00
https://www.farpost.ru/;Brunei;6774.67;0.00;0.67;0.33;17.00
https://www.farpost.ru/;Bulgaria;4364.00;1.00;1.00;1.00;14.00
https://www.farpost.ru/;Cambodia;11604.67;1.00;0.33;0.33;17.00
https://www.farpost.ru/;Canada Montreal;7299.33;1.00;1.00;1.00;14.00
https://www.farpost.ru/;Canada Toronto;8848.33;1.00;1.00;1.00;18.00
https://www.farpost.ru/;Canada Vancouver;8739.33;1.00;0.33;0.33;15.00
https://www.farpost.ru/;Chile;11870.00;1.00;0.33;0.33;18.00
https://www.farpost.ru/;Colombia;13344.33;1.00;1.00;1.00;17.00
https://www.farpost.ru/;Costa Rica;12208.67;1.00;0.67;0.33;17.00
https://www.farpost.ru/;Croatia;5369.33;1.00;1.00;1.00;16.00
https://www.farpost.ru/;Cyprus;5521.67;1.00;1.00;1.00;16.00
https://www.farpost.ru/;Czech Republic;4081.00;1.00;1.00;1.00;16.00
https://www.farpost.ru/;Denmark;5763.67;1.00;1.00;1.00;15.00
https://www.farpost.ru/;Ecuador;11477.00;1.00;0.67;0.33;18.00
https://www.farpost.ru/;Egypt;5067.33;1.00;0.67;0.33;17.00
https://www.farpost.ru/;Estonia;4542.67;1.00;1.00;1.00;14.00
https://www.farpost.ru/;Finland;5459.33;1.00;1.00;1.00;16.00
https://www.farpost.ru/;France Bordeaux;5575.00;1.00;1.00;1.00;14.00
https://www.farpost.ru/;France Marseille;5787.00;1.00;1.00;1.00;15.00
https://www.farpost.ru/;France Paris;5079.00;1.00;1.00;1.00;16.00
https://www.farpost.ru/;Georgia;8917.67;1.00;0.67;0.33;15.00
https://www.farpost.ru/;Germany Berlin;4505.33;1.00;1.00;1.00;13.00
https://www.farpost.ru/;Germany Frankfurt am Main;4893.67;1.00;1.00;1.00;14.00
https://www.farpost.ru/;Ghana;5397.00;1.00;1.00;0.33;16.00
https://www.farpost.ru/;Greece;5433.33;1.00;1.00;1.00;16.00
https://www.farpost.ru/;Greenland;4170.33;1.00;0.33;0.33;13.00
https://www.farpost.ru/;Hong Kong;12014.33;1.00;1.00;1.00;40.00
https://www.farpost.ru/;Hungary;6831.33;1.00;0.67;1.00;15.00
https://www.farpost.ru/;Iceland;6580.00;1.00;1.00;1.00;15.00
https://www.farpost.ru/;India;8506.00;1.00;1.00;1.00;14.00
https://www.farpost.ru/;Indonesia;12075.33;1.00;0.67;0.67;16.00
https://www.farpost.ru/;Ireland;5587.67;1.00;1.00;1.00;16.00
https://www.farpost.ru/;Isle of Man;4990.67;1.00;0.67;0.33;14.00
https://www.farpost.ru/;Israel;5723.67;1.00;0.67;0.67;15.00
https://www.farpost.ru/;Italy Milan;4042.00;1.00;1.00;1.00;15.00
https://www.farpost.ru/;Italy Rome;5241.67;1.00;1.00;1.00;14.00
https://www.farpost.ru/;Japan;14024.00;1.00;1.00;1.00;19.00
https://www.farpost.ru/;Kazakhstan;7004.33;0.00;0.67;1.00;16.00
https://www.farpost.ru/;Laos;9898.67;0.00;0.33;0.33;18.00
https://www.farpost.ru/;Latvia;4736.67;1.00;1.00;1.00;16.00
https://www.farpost.ru/;Liechtenstein;4811.33;1.00;0.33;0.33;15.00
https://www.farpost.ru/;Lithuania;6008.00;1.00;1.00;1.00;16.00
https://www.farpost.ru/;Luxembourg;9413.00;1.00;1.00;1.00;16.00
https://www.farpost.ru/;Malaysia;10056.67;1.00;1.00;1.00;15.00
https://www.farpost.ru/;Malta;13915.67;1.00;0.67;0.33;17.00
https://www.farpost.ru/;Marocco;4592.33;1.00;0.67;0.33;13.00
https://www.farpost.ru/;Mexico;12906.67;1.00;0.67;0.67;17.00
https://www.farpost.ru/;Moldova;7217.00;1.00;0.67;0.33;14.00
https://www.farpost.ru/;Monaco;3318.33;0.67;0.67;0.67;16.00
https://www.farpost.ru/;Mongolia;3682.67;0.67;0.67;0.33;17.00
https://www.farpost.ru/;Montenegro;4305.33;1.00;0.67;0.33;14.00
https://www.farpost.ru/;Myanmar;5882.00;0.00;0.33;0.33;18.00
https://www.farpost.ru/;Netherlands;5015.33;1.00;1.00;1.00;14.00
https://www.farpost.ru/;New Zealand;16257.33;1.00;1.00;1.00;19.00
https://www.farpost.ru/;Nigeria;3890.33;1.00;0.33;0.33;15.00
https://www.farpost.ru/;North Macedonia;5446.33;1.00;0.67;0.67;17.00
https://www.farpost.ru/;Norway;4758.33;1.00;1.00;1.00;15.00
https://www.farpost.ru/;Pakistan;11976.33;1.00;0.33;0.33;17.00
https://www.farpost.ru/;Panama;12667.67;1.00;0.67;0.33;16.00
https://www.farpost.ru/;Paraguay;12553.33;1.00;0.67;0.33;16.00
https://www.farpost.ru/;Peru;13756.00;1.00;0.67;0.67;16.00
https://www.farpost.ru/;Philippines;11495.33;1.00;1.00;1.00;18.00
https://www.farpost.ru/;Poland Gdansk;5520.00;1.00;1.00;1.00;15.00
https://www.farpost.ru/;Poland Warsaw;4659.00;1.00;1.00;1.00;14.00
https://www.farpost.ru/;Portugal Lisbon;4655.00;1.00;1.00;1.00;18.00
https://www.farpost.ru/;Portugal Porto;5348.00;1.00;1.00;1.00;17.00
https://www.farpost.ru/;Puerto Rico;12988.33;1.00;0.67;0.33;16.00
https://www.farpost.ru/;Romania;4851.33;1.00;1.00;1.00;17.00
https://www.farpost.ru/;Saudi Arabia;4820.00;1.00;0.67;0.33;14.00
https://www.farpost.ru/;Serbia;5639.67;1.00;1.00;1.00;14.00
https://www.farpost.ru/;Singapore;10649.00;1.00;1.00;1.00;16.00
https://www.farpost.ru/;Slovakia;4577.00;1.00;1.00;0.67;13.00
https://www.farpost.ru/;Slovenia;4948.67;1.00;1.00;1.00;14.00
https://www.farpost.ru/;South Africa;16002.00;1.00;0.67;0.33;17.00
https://www.farpost.ru/;South Korea;20436.33;1.00;0.33;1.00;18.00
https://www.farpost.ru/;Spain Barcelona;6145.00;1.00;1.00;0.33;14.00
https://www.farpost.ru/;Spain Madrid;5913.00;1.00;1.00;1.00;16.00
https://www.farpost.ru/;Spain Valencia;6045.67;1.00;1.00;1.00;17.00
https://www.farpost.ru/;Sri Lanka;11374.00;1.00;0.33;0.33;19.00
https://www.farpost.ru/;Sweden;3880.67;1.00;1.00;1.00;14.00
https://www.farpost.ru/;Switzerland;4717.33;1.00;1.00;1.00;16.00
https://www.farpost.ru/;Taiwan;14349.00;1.00;1.00;1.00;18.00
https://www.farpost.ru/;Thailand;15658.33;1.00;1.00;1.00;17.00
https://www.farpost.ru/;Turkey;5519.33;1.00;1.00;1.00;16.00
https://www.farpost.ru/;Ukraine;4285.67;1.00;1.00;1.00;15.00
https://www.farpost.ru/;United Arab Emirates;10042.33;1.00;0.67;0.67;15.00
https://www.farpost.ru/;United Kingdom Edinburgh;4052.00;1.00;1.00;1.00;13.00
https://www.farpost.ru/;United Kingdom Glasgow;5612.00;1.00;1.00;1.00;14.00
https://www.farpost.ru/;United Kingdom London;4910.67;1.00;1.00;1.00;17.00
https://www.farpost.ru/;United Kingdom Manchester;4482.33;1.00;1.00;1.00;17.00
https://www.farpost.ru/;United States Ashburn;8624.00;1.00;1.00;1.00;17.00
https://www.farpost.ru/;United States Atlanta;8581.67;1.00;1.00;1.00;15.00
https://www.farpost.ru/;United States Bend;12929.33;1.00;1.00;1.00;15.00
https://www.farpost.ru/;United States Boston;7018.67;1.00;1.00;1.00;14.00
https://www.farpost.ru/;United States Buffalo;10021.00;1.00;1.00;1.00;15.00
https://www.farpost.ru/;United States Charlotte;7199.33;1.00;1.00;1.00;17.00
https://www.farpost.ru/;United States Chicago;11815.33;1.00;1.00;1.00;15.00
https://www.farpost.ru/;United States Dallas;9308.33;1.00;0.67;1.00;14.00
https://www.farpost.ru/;United States Denver;9995.00;1.00;1.00;1.00;17.00
https://www.farpost.ru/;United States Detroit;9258.67;1.00;1.00;1.00;17.00
https://www.farpost.ru/;United States Houston;9853.67;1.00;1.00;1.00;15.00
https://www.farpost.ru/;United States Kansas City;10137.67;1.00;1.00;1.00;16.00
https://www.farpost.ru/;United States Las Vegas;10214.33;1.00;1.00;1.00;16.00
https://www.farpost.ru/;United States Latham;7144.33;1.00;1.00;1.00;15.00
https://www.farpost.ru/;United States Los Angeles;11716.33;1.00;1.00;1.00;16.00
https://www.farpost.ru/;United States Miami;8347.00;1.00;1.00;1.00;15.00
https://www.farpost.ru/;United States New York;9558.33;1.00;1.00;1.00;18.00
https://www.farpost.ru/;United States Orlando;9971.00;1.00;1.00;1.00;17.00
https://www.farpost.ru/;United States Phoenix;10759.00;1.00;1.00;1.00;18.00
https://www.farpost.ru/;United States Salt Lake City;9465.33;1.00;1.00;1.00;18.00
https://www.farpost.ru/;United States San Francisco;11213.33;1.00;1.00;1.00;15.00
https://www.farpost.ru/;United States San Jose;11771.67;1.00;1.00;1.00;18.00
https://www.farpost.ru/;United States Seattle;10826.33;1.00;1.00;1.00;16.00
https://www.farpost.ru/;United States St. Louis;8186.33;1.00;1.00;1.00;17.00
https://www.farpost.ru/;United States Tampa;10756.67;1.00;1.00;1.00;17.00
https://www.farpost.ru/;Uruguay;13017.00;1.00;0.67;0.33;17.00
https://www.farpost.ru/;Uzbekistan;5002.67;1.00;0.67;0.33;16.00
https://www.farpost.ru/;Venezuela;12560.00;1.00;0.67;0.33;16.00
https://www.farpost.ru/;Vietnam;12785.33;1.00;0.67;0.67;16.00
https://www.ozon.ru/;Albania;2903.33;1.00;1.00;1.00;15.00
https://www.ozon.ru/;Algeria;5562.00;1.00;0.67;0.67;16.00
https://www.ozon.ru/;Argentina;7497.33;1.00;1.00;1.00;19.00
https://www.ozon.ru/;Armenia;2792.33;1.00;0.67;0.67;15.00
https://www.ozon.ru/;Australia Adelaide;13099.67;1.00;1.00;1.00;18.00
https://www.ozon.ru/;Australia Brisbane;15631.33;1.00;0.33;0.33;17.00
https://www.ozon.ru/;Australia Melbourne;11528.67;1.00;1.00;1.00;18.00
https://www.ozon.ru/;Australia Perth;12502.00;1.00;1.00;1.00;17.00
https://www.ozon.ru/;Australia Sydney;8599.00;1.00;1.00;1.00;18.00
https://www.ozon.ru/;Austria;2791.67;1.00;1.00;1.00;14.00
https://www.ozon.ru/;Bahamas;8952.33;1.00;0.33;0.33;19.00
https://www.ozon.ru/;Belgium Antwerp;2493.00;1.00;1.00;1.00;13.00
https://www.ozon.ru/;Belgium Brussels;2614.33;1.00;1.00;1.00;16.00
https://www.ozon.ru/;Belize;7672.00;1.00;0.33;0.33;17.00
https://www.ozon.ru/;Bhutan;9373.33;1.00;0.33;0.33;17.00
https://www.ozon.ru/;Bolivia;10269.33;1.00;0.67;0.33;16.00
https://www.ozon.ru/;Bosnia and Herzegovina;2556.00;0.00;1.00;0.33;18.00
https://www.ozon.ru/;Brazil;7073.67;1.00;1.00;1.00;17.00
https://www.ozon.ru/;Brunei;5231.67;0.00;0.67;0.33;17.00
https://www.ozon.ru/;Bulgaria;3153.67;1.00;1.00;1.00;14.00
https://www.ozon.ru/;Cambodia;6597.67;1.00;0.33;0.33;17.00
https://www.ozon.ru/;Canada Montreal;4022.67;1.00;1.00;1.00;14.00
https://www.ozon.ru/;Canada Toronto;6606.67;1.00;1.00;1.00;18.00
https://www.ozon.ru/;Canada Vancouver;11674.00;1.00;0.33;0.33;15.00
https://www.ozon.ru/;Chile;8121.00;1.00;0.33;0.33;18.00
https://www.ozon.ru/;Colombia;10220.67;1.00;1.00;1.00;17.00
https://www.ozon.ru/;Costa Rica;6746.33;1.00;0.67;0.33;17.00
https://www.ozon.ru/;Croatia;2840.33;1.00;1.00;1.00;16.00
https://www.ozon.ru/;Cyprus;4062.33;1.00;1.00;1.00;16.00
https://www.ozon.ru/;Czech Republic;2696.67;1.00;1.00;1.00;16.00
https://www.ozon.ru/;Denmark;2943.00;1.00;1.00;1.00;15.00
https://www.ozon.ru/;Ecuador;7041.33;1.00;0.67;0.33;18.00
https://www.ozon.ru/;Egypt;100000.00;1.00;0.67;0.33;17.00
https://www.ozon.ru/;Estonia;2728.00;1.00;1.00;1.00;14.00
https://www.ozon.ru/;Finland;2444.67;1.00;1.00;1.00;16.00
https://www.ozon.ru/;France Bordeaux;2833.67;1.00;1.00;1.00;14.00
https://www.ozon.ru/;France Marseille;3047.33;1.00;1.00;1.00;15.00
https://www.ozon.ru/;France Paris;2737.00;1.00;1.00;1.00;16.00
https://www.ozon.ru/;Georgia;6609.67;1.00;0.67;0.33;15.00
https://www.ozon.ru/;Germany Berlin;2357.00;1.00;1.00;1.00;13.00
https://www.ozon.ru/;Germany Frankfurt am Main;2523.67;1.00;1.00;1.00;14.00
https://www.ozon.ru/;Ghana;2680.33;1.00;1.00;0.33;16.00
https://www.ozon.ru/;Greece;5928.67;1.00;1.00;1.00;16.00
https://www.ozon.ru/;Greenland;2592.33;1.00;0.33;0.33;13.00
https://www.ozon.ru/;Hong Kong;7075.67;1.00;1.00;1.00;40.00
https://www.ozon.ru/;Hungary;5508.33;1.00;0.67;1.00;15.00
https://www.ozon.ru/;Iceland;5844.00;1.00;1.00;1.00;15.00
https://www.ozon.ru/;India;8264.33;1.00;1.00;1.00;14.00
https://www.ozon.ru/;Indonesia;9410.67;1.00;0.67;0.67;16.00
https://www.ozon.ru/;Ireland;3237.67;1.00;1.00;1.00;16.00
https://www.ozon.ru/;Isle of Man;2658.67;1.00;0.67;0.33;14.00
https://www.ozon.ru/;Israel;6895.00;1.00;0.67;0.67;15.00
https://www.ozon.ru/;Italy Milan;2744.00;1.00;1.00;1.00;15.00
https://www.ozon.ru/;Italy Rome;2831.67;1.00;1.00;1.00;14.00
https://www.ozon.ru/;Japan;7827.67;1.00;1.00;1.00;19.00
https://www.ozon.ru/;Kazakhstan;4313.67;1.00;0.67;1.00;16.00
https://www.ozon.ru/;Laos;4311.67;0.00;0.33;0.33;18.00
https://www.ozon.ru/;Latvia;2884.67;1.00;1.00;1.00;16.00
https://www.ozon.ru/;Liechtenstein;2545.00;1.00;0.33;0.33;15.00
https://www.ozon.ru/;Lithuania;2867.33;1.00;1.00;1.00;16.00
https://www.ozon.ru/;Luxembourg;4909.33;1.00;1.00;1.00;16.00
https://www.ozon.ru/;Malaysia;8959.00;1.00;1.00;1.00;15.00
https://www.ozon.ru/;Malta;11855.67;1.00;0.67;0.33;17.00
https://www.ozon.ru/;Marocco;1909.33;1.00;0.67;0.33;13.00
https://www.ozon.ru/;Mexico;10522.33;1.00;0.67;0.67;17.00
https://www.ozon.ru/;Moldova;3178.33;1.00;0.67;0.33;14.00
https://www.ozon.ru/;Monaco;2423.33;1.00;0.67;0.67;16.00
https://www.ozon.ru/;Mongolia;2864.33;1.00;0.67;0.33;17.00
https://www.ozon.ru/;Montenegro;2928.00;1.00;0.67;0.33;14.00
https://www.ozon.ru/;Myanmar;8047.33;0.00;0.33;0.33;18.00
https://www.ozon.ru/;Netherlands;2595.33;1.00;1.00;1.00;14.00
https://www.ozon.ru/;New Zealand;12946.67;1.00;1.00;1.00;19.00
https://www.ozon.ru/;Nigeria;2567.00;1.00;0.33;0.33;15.00
https://www.ozon.ru/;North Macedonia;4556.33;1.00;0.67;0.67;17.00
https://www.ozon.ru/;Norway;2888.67;1.00;1.00;1.00;15.00
https://www.ozon.ru/;Pakistan;13463.67;1.00;0.33;0.33;17.00
https://www.ozon.ru/;Panama;7643.33;1.00;0.67;0.33;16.00
https://www.ozon.ru/;Paraguay;10450.33;1.00;0.67;0.33;16.00
https://www.ozon.ru/;Peru;12287.00;1.00;0.67;0.67;16.00
https://www.ozon.ru/;Philippines;6599.33;1.00;1.00;1.00;18.00
https://www.ozon.ru/;Poland Gdansk;2629.00;1.00;1.00;1.00;15.00
https://www.ozon.ru/;Poland Warsaw;2720.67;1.00;1.00;1.00;14.00
https://www.ozon.ru/;Portugal Lisbon;5217.00;1.00;1.00;1.00;18.00
https://www.ozon.ru/;Portugal Porto;8439.67;1.00;1.00;1.00;17.00
https://www.ozon.ru/;Puerto Rico;10904.00;1.00;0.67;0.33;16.00
https://www.ozon.ru/;Romania;2834.00;1.00;1.00;1.00;17.00
https://www.ozon.ru/;Saudi Arabia;2547.00;1.00;0.67;0.33;14.00
https://www.ozon.ru/;Serbia;2861.00;1.00;1.00;1.00;14.00
https://www.ozon.ru/;Singapore;9559.33;1.00;1.00;1.00;16.00
https://www.ozon.ru/;Slovakia;2730.00;1.00;1.00;0.67;13.00
https://www.ozon.ru/;Slovenia;2864.33;1.00;1.00;1.00;14.00
https://www.ozon.ru/;South Africa;43500.33;1.00;0.67;0.33;17.00
https://www.ozon.ru/;South Korea;15540.33;1.00;0.33;1.00;18.00
https://www.ozon.ru/;Spain Barcelona;5181.33;1.00;1.00;0.33;14.00
https://www.ozon.ru/;Spain Madrid;3030.33;1.00;1.00;1.00;16.00
https://www.ozon.ru/;Spain Valencia;4065.33;1.00;1.00;1.00;17.00
https://www.ozon.ru/;Sri Lanka;6539.00;1.00;0.33;0.33;19.00
https://www.ozon.ru/;Sweden;2548.33;1.00;1.00;1.00;14.00
https://www.ozon.ru/;Switzerland;2985.33;1.00;1.00;1.00;16.00
https://www.ozon.ru/;Taiwan;11551.33;1.00;1.00;1.00;18.00
https://www.ozon.ru/;Thailand;7558.67;1.00;1.00;1.00;17.00
https://www.ozon.ru/;Turkey;5183.67;1.00;1.00;1.00;16.00
https://www.ozon.ru/;Ukraine;2704.67;1.00;1.00;1.00;15.00
https://www.ozon.ru/;United Arab Emirates;5146.67;1.00;0.67;0.67;15.00
https://www.ozon.ru/;United Kingdom Edinburgh;3047.67;1.00;1.00;1.00;13.00
https://www.ozon.ru/;United Kingdom Glasgow;5261.67;1.00;1.00;1.00;14.00
https://www.ozon.ru/;United Kingdom London;2597.67;1.00;1.00;1.00;17.00
https://www.ozon.ru/;United Kingdom Manchester;2952.67;1.00;1.00;1.00;17.00
https://www.ozon.ru/;United States Ashburn;4685.33;1.00;1.00;1.00;17.00
https://www.ozon.ru/;United States Atlanta;6652.00;1.00;1.00;1.00;15.00
https://www.ozon.ru/;United States Bend;9724.00;1.00;1.00;1.00;15.00
https://www.ozon.ru/;United States Boston;6307.33;1.00;1.00;1.00;14.00
https://www.ozon.ru/;United States Buffalo;7520.67;1.00;1.00;1.00;15.00
https://www.ozon.ru/;United States Charlotte;8680.00;1.00;1.00;1.00;17.00
https://www.ozon.ru/;United States Chicago;4633.33;1.00;1.00;1.00;15.00
https://www.ozon.ru/;United States Dallas;4936.33;1.00;0.67;1.00;14.00
https://www.ozon.ru/;United States Denver;7983.67;1.00;1.00;1.00;17.00
https://www.ozon.ru/;United States Detroit;6958.00;1.00;1.00;1.00;17.00
https://www.ozon.ru/;United States Houston;7446.33;1.00;1.00;1.00;15.00
https://www.ozon.ru/;United States Kansas City;4700.33;1.00;1.00;1.00;16.00
https://www.ozon.ru/;United States Las Vegas;5249.33;1.00;1.00;1.00;16.00
https://www.ozon.ru/;United States Latham;6143.67;1.00;1.00;1.00;15.00
https://www.ozon.ru/;United States Los Angeles;39936.33;1.00;1.00;1.00;16.00
https://www.ozon.ru/;United States Miami;9127.33;1.00;1.00;1.00;15.00
https://www.ozon.ru/;United States New York;8900.00;1.00;1.00;1.00;18.00
https://www.ozon.ru/;United States Orlando;9933.33;1.00;1.00;1.00;17.00
https://www.ozon.ru/;United States Phoenix;5495.00;1.00;1.00;1.00;18.00
https://www.ozon.ru/;United States Salt Lake City;12771.00;1.00;1.00;1.00;18.00
https://www.ozon.ru/;United States San Francisco;6452.67;1.00;1.00;1.00;15.00
https://www.ozon.ru/;United States San Jose;6110.00;1.00;1.00;1.00;18.00
https://www.ozon.ru/;United States Seattle;8108.33;1.00;1.00;1.00;16.00
https://www.ozon.ru/;United States St. Louis;6427.67;1.00;1.00;1.00;17.00
https://www.ozon.ru/;United States Tampa;4952.33;1.00;1.00;1.00;17.00
https://www.ozon.ru/;Uruguay;9383.67;1.00;0.67;0.33;17.00
https://www.ozon.ru/;Uzbekistan;2572.67;1.00;0.67;0.33;16.00
https://www.ozon.ru/;Venezuela;7037.67;1.00;0.67;0.33;16.00
https://www.ozon.ru/;Vietnam;6615.00;1.00;0.67;0.67;16.00
https://www.wildberries.ru/;Albania;4384.33;1.00;1.00;1.00;15.00
https://www.wildberries.ru/;Algeria;6061.00;1.00;0.67;0.67;16.00
https://www.wildberries.ru/;Argentina;10564.00;1.00;1.00;1.00;19.00
https://www.wildberries.ru/;Armenia;3902.00;1.00;0.67;0.67;15.00
https://www.wildberries.ru/;Australia Adelaide;14286.00;1.00;1.00;1.00;18.00
https://www.wildberries.ru/;Australia Brisbane;16607.33;1.00;0.33;0.33;17.00
https://www.wildberries.ru/;Australia Melbourne;14426.33;1.00;1.00;1.00;18.00
https://www.wildberries.ru/;Australia Perth;12523.67;1.00;1.00;1.00;17.00
https://www.wildberries.ru/;Australia Sydney;14665.67;1.00;1.00;1.00;18.00
https://www.wildberries.ru/;Austria;3952.67;1.00;1.00;1.00;14.00
https://www.wildberries.ru/;Bahamas;11966.33;1.00;0.33;0.33;19.00
https://www.wildberries.ru/;Belgium Antwerp;3653.00;1.00;1.00;1.00;13.00
https://www.wildberries.ru/;Belgium Brussels;3863.33;1.00;1.00;1.00;16.00
https://www.wildberries.ru/;Belize;14217.33;1.00;0.33;0.33;17.00
https://www.wildberries.ru/;Bhutan;11913.00;1.00;0.33;0.33;17.00
https://www.wildberries.ru/;Bolivia;12670.33;1.00;0.67;0.33;16.00
https://www.wildberries.ru/;Bosnia and Herzegovina;4342.00;0.00;1.00;0.33;18.00
https://www.wildberries.ru/;Brazil;13099.00;1.00;1.00;1.00;17.00
https://www.wildberries.ru/;Brunei;1969.67;0.00;0.67;0.33;17.00
https://www.wildberries.ru/;Bulgaria;4487.67;1.00;1.00;1.00;14.00
https://www.wildberries.ru/;Cambodia;11775.33;1.00;0.33;0.33;17.00
https://www.wildberries.ru/;Canada Montreal;6124.00;1.00;1.00;1.00;14.00
https://www.wildberries.ru/;Canada Toronto;6533.67;1.00;1.00;1.00;18.00
https://www.wildberries.ru/;Canada Vancouver;10403.00;1.00;0.33;0.33;15.00
https://www.wildberries.ru/;Chile;11878.00;1.00;0.33;0.33;18.00
https://www.wildberries.ru/;Colombia;11695.67;1.00;1.00;1.00;17.00
https://www.wildberries.ru/;Costa Rica;12043.00;1.00;0.67;0.33;17.00
https://www.wildberries.ru/;Croatia;4315.67;1.00;1.00;1.00;16.00
https://www.wildberries.ru/;Cyprus;5458.67;1.00;1.00;1.00;16.00
https://www.wildberries.ru/;Czech Republic;3991.33;1.00;1.00;1.00;16.00
https://www.wildberries.ru/;Denmark;3924.33;1.00;1.00;1.00;15.00
https://www.wildberries.ru/;Ecuador;12737.33;1.00;0.67;0.33;18.00
https://www.wildberries.ru/;Egypt;6776.00;0.00;0.67;0.33;17.00
https://www.wildberries.ru/;Estonia;3863.00;1.00;1.00;1.00;14.00
https://www.wildberries.ru/;Finland;3737.33;1.00;1.00;1.00;16.00
https://www.wildberries.ru/;France Bordeaux;5130.67;1.00;1.00;1.00;14.00
https://www.wildberries.ru/;France Marseille;4575.67;1.00;1.00;1.00;15.00
https://www.wildberries.ru/;France Paris;3915.67;1.00;1.00;1.00;16.00
https://www.wildberries.ru/;Georgia;6503.67;1.00;0.67;0.33;15.00
https://www.wildberries.ru/;Germany Berlin;3270.00;1.00;1.00;1.00;13.00
https://www.wildberries.ru/;Germany Frankfurt am Main;3560.33;1.00;1.00;1.00;14.00
https://www.wildberries.ru/;Ghana;4011.00;1.00;1.00;0.33;16.00
https://www.wildberries.ru/;Greece;5176.00;1.00;1.00;1.00;16.00
https://www.wildberries.ru/;Greenland;3833.00;1.00;0.33;0.33;13.00
https://www.wildberries.ru/;Hong Kong;12719.33;1.00;1.00;1.00;40.00
https://www.wildberries.ru/;Hungary;5126.33;1.00;0.67;1.00;15.00
https://www.wildberries.ru/;Iceland;5995.33;1.00;1.00;1.00;15.00
https://www.wildberries.ru/;India;5948.00;1.00;1.00;1.00;14.00
https://www.wildberries.ru/;Indonesia;28101.33;1.00;0.67;0.67;16.00
https://www.wildberries.ru/;Ireland;4412.33;1.00;1.00;1.00;16.00
https://www.wildberries.ru/;Isle of Man;3853.00;1.00;0.67;0.33;14.00
https://www.wildberries.ru/;Israel;5090.67;1.00;0.67;0.67;15.00
https://www.wildberries.ru/;Italy Milan;4043.00;1.00;1.00;1.00;15.00
https://www.wildberries.ru/;Italy Rome;3945.67;1.00;1.00;1.00;14.00
https://www.wildberries.ru/;Japan;13784.67;1.00;1.00;1.00;19.00
https://www.wildberries.ru/;Kazakhstan;5656.67;1.00;0.67;1.00;16.00
https://www.wildberries.ru/;Laos;4136.67;0.00;0.33;0.33;18.00
https://www.wildberries.ru/;Latvia;3878.33;1.00;1.00;1.00;16.00
https://www.wildberries.ru/;Liechtenstein;3812.33;1.00;0.33;0.33;15.00
https://www.wildberries.ru/;Lithuania;4140.33;1.00;1.00;1.00;16.00
https://www.wildberries.ru/;Luxembourg;6813.67;1.00;1.00;1.00;16.00
https://www.wildberries.ru/;Malaysia;10391.00;1.00;1.00;1.00;15.00
https://www.wildberries.ru/;Malta;11763.67;1.00;0.67;0.33;17.00
https://www.wildberries.ru/;Marocco;3734.67;1.00;0.67;0.33;13.00
https://www.wildberries.ru/;Mexico;12344.33;1.00;0.67;0.67;17.00
https://www.wildberries.ru/;Moldova;4486.67;1.00;0.67;0.33;14.00
https://www.wildberries.ru/;Monaco;5924.33;1.00;0.67;0.67;16.00
https://www.wildberries.ru/;Mongolia;6239.33;0.00;0.67;0.33;17.00
https://www.wildberries.ru/;Montenegro;3998.33;1.00;0.67;0.33;14.00
https://www.wildberries.ru/;Myanmar;8556.67;0.00;0.33;0.33;18.00
https://www.wildberries.ru/;Netherlands;3803.67;1.00;1.00;1.00;14.00
https://www.wildberries.ru/;New Zealand;16041.00;1.00;1.00;1.00;19.00
https://www.wildberries.ru/;Nigeria;3731.00;1.00;0.33;0.33;15.00
https://www.wildberries.ru/;North Macedonia;4505.00;1.00;0.67;0.67;17.00
https://www.wildberries.ru/;Norway;3974.00;1.00;1.00;1.00;15.00
https://www.wildberries.ru/;Pakistan;11908.33;1.00;0.33;0.33;17.00
https://www.wildberries.ru/;Panama;13318.33;1.00;0.67;0.33;16.00
https://www.wildberries.ru/;Paraguay;11794.67;1.00;0.67;0.33;16.00
https://www.wildberries.ru/;Peru;11714.33;1.00;0.67;0.67;16.00
https://www.wildberries.ru/;Philippines;11612.67;1.00;1.00;1.00;18.00
https://www.wildberries.ru/;Poland Gdansk;4119.67;1.00;1.00;1.00;15.00
https://www.wildberries.ru/;Poland Warsaw;4140.33;1.00;1.00;1.00;14.00
https://www.wildberries.ru/;Portugal Lisbon;9614.00;1.00;1.00;1.00;18.00
https://www.wildberries.ru/;Portugal Porto;4855.67;1.00;1.00;1.00;17.00
https://www.wildberries.ru/;Puerto Rico;12638.67;1.00;0.67;0.33;16.00
https://www.wildberries.ru/;Romania;4080.33;1.00;1.00;1.00;17.00
https://www.wildberries.ru/;Saudi Arabia;3918.00;1.00;0.67;0.33;14.00
https://www.wildberries.ru/;Serbia;4467.00;1.00;1.00;1.00;14.00
https://www.wildberries.ru/;Singapore;10764.67;1.00;1.00;1.00;16.00
https://www.wildberries.ru/;Slovakia;3863.33;1.00;1.00;0.67;13.00
https://www.wildberries.ru/;Slovenia;4098.33;1.00;1.00;1.00;14.00
https://www.wildberries.ru/;South Africa;20280.67;1.00;0.67;0.33;17.00
https://www.wildberries.ru/;South Korea;14557.67;1.00;0.33;1.00;18.00
https://www.wildberries.ru/;Spain Barcelona;5073.33;1.00;1.00;0.33;14.00
https://www.wildberries.ru/;Spain Madrid;5069.67;1.00;1.00;1.00;16.00
https://www.wildberries.ru/;Spain Valencia;5787.67;1.00;1.00;1.00;17.00
https://www.wildberries.ru/;Sri Lanka;11114.00;1.00;0.33;0.33;19.00
https://www.wildberries.ru/;Sweden;3483.33;1.00;1.00;1.00;14.00
https://www.wildberries.ru/;Switzerland;4429.00;1.00;1.00;1.00;16.00
https://www.wildberries.ru/;Taiwan;18305.67;1.00;1.00;1.00;18.00
https://www.wildberries.ru/;Thailand;12182.67;1.00;1.00;1.00;17.00
https://www.wildberries.ru/;Turkey;4870.33;1.00;1.00;1.00;16.00
https://www.wildberries.ru/;Ukraine;4179.00;1.00;1.00;1.00;15.00
https://www.wildberries.ru/;United Arab Emirates;7324.00;1.00;0.67;0.67;15.00
https://www.wildberries.ru/;United Kingdom Edinburgh;4279.33;1.00;1.00;1.00;13.00
https://www.wildberries.ru/;United Kingdom Glasgow;5306.33;1.00;1.00;1.00;14.00
https://www.wildberries.ru/;United Kingdom London;3845.67;1.00;1.00;1.00;17.00
https://www.wildberries.ru/;United Kingdom Manchester;4437.67;1.00;1.00;1.00;17.00
https://www.wildberries.ru/;United States Ashburn;6502.00;1.00;1.00;1.00;17.00
https://www.wildberries.ru/;United States Atlanta;7124.33;1.00;1.00;1.00;15.00
https://www.wildberries.ru/;United States Bend;10713.67;1.00;1.00;1.00;15.00
https://www.wildberries.ru/;United States Boston;5758.00;1.00;1.00;1.00;14.00
https://www.wildberries.ru/;United States Buffalo;6726.33;1.00;1.00;1.00;15.00
https://www.wildberries.ru/;United States Charlotte;6649.33;1.00;1.00;1.00;17.00
https://www.wildberries.ru/;United States Chicago;6448.00;1.00;1.00;1.00;15.00
https://www.wildberries.ru/;United States Dallas;7199.00;1.00;0.67;1.00;14.00
https://www.wildberries.ru/;United States Denver;7780.33;1.00;1.00;1.00;17.00
https://www.wildberries.ru/;United States Detroit;6703.67;1.00;1.00;1.00;17.00
https://www.wildberries.ru/;United States Houston;7090.33;1.00;1.00;1.00;15.00
https://www.wildberries.ru/;United States Kansas City;7187.00;1.00;1.00;1.00;16.00
https://www.wildberries.ru/;United States Las Vegas;7608.67;1.00;1.00;1.00;16.00
https://www.wildberries.ru/;United States Latham;5886.33;1.00;1.00;1.00;15.00
https://www.wildberries.ru/;United States Los Angeles;10180.33;1.00;1.00;1.00;16.00
https://www.wildberries.ru/;United States Miami;6552.00;1.00;1.00;1.00;15.00
https://www.wildberries.ru/;United States New York;6697.00;1.00;1.00;1.00;18.00
https://www.wildberries.ru/;United States Orlando;7234.33;1.00;1.00;1.00;17.00
https://www.wildberries.ru/;United States Phoenix;7969.33;1.00;1.00;1.00;18.00
https://www.wildberries.ru/;United States Salt Lake City;19445.33;1.00;1.00;1.00;18.00
https://www.wildberries.ru/;United States San Francisco;9770.33;1.00;1.00;1.00;15.00
https://www.wildberries.ru/;United States San Jose;10939.67;1.00;1.00;1.00;18.00
https://www.wildberries.ru/;United States Seattle;9861.00;1.00;1.00;1.00;16.00
https://www.wildberries.ru/;United States St. Louis;7070.00;1.00;1.00;1.00;17.00
https://www.wildberries.ru/;United States Tampa;9528.33;1.00;1.00;1.00;17.00
https://www.wildberries.ru/;Uruguay;11559.00;1.00;0.67;0.33;17.00
https://www.wildberries.ru/;Uzbekistan;3767.67;1.00;0.67;0.33;16.00
https://www.wildberries.ru/;Venezuela;11472.67;1.00;0.67;0.33;16.00
https://www.wildberries.ru/;Vietnam;11336.33;1.00;0.67;0.67;16.00
